ambulance_id,base_id,base_name,area,sector,vehicle_type,capacity,status,current_latitude,current_longitude,driver_id,last_serviced
AMB0001,A001,Ambulance Base - Ennore,Ennore,North,ALS,2,AVAILABLE,13.2128,80.318086,DRV0001,2026-06-05
AMB0002,A001,Ambulance Base - Ennore,Ennore,North,ALS,2,AVAILABLE,13.217737,80.316996,DRV0002,2026-07-15
AMB0003,A002,Ambulance Base - Tiruvottiyur,Tiruvottiyur,North,ALS,2,AVAILABLE,13.157749,80.301043,DRV0003,2026-09-04
AMB0004,A002,Ambulance Base - Tiruvottiyur,Tiruvottiyur,North,BLS,1,AVAILABLE,13.161199,80.30136,DRV0004,2026-08-10
AMB0005,A002,Ambulance Base - Tiruvottiyur,Tiruvottiyur,North,BLS,1,AVAILABLE,13.162475,80.297052,DRV0005,2026-05-27
AMB0006,A003,Ambulance Base - Manali,Manali,North-West,ALS,2,AVAILABLE,13.165422,80.255244,DRV0006,2026-06-02
AMB0007,A003,Ambulance Base - Manali,Manali,North-West,BLS,1,AVAILABLE,13.165739,80.256872,DRV0007,2026-07-25
AMB0008,A004,Ambulance Base - Madhavaram,Madhavaram,North-West,BLS,1,AVAILABLE,13.144548,80.231075,DRV0008,2026-08-23
AMB0009,A004,Ambulance Base - Madhavaram,Madhavaram,North-West,BLS,1,AVAILABLE,13.146545,80.232429,DRV0009,2026-05-17
AMB0010,A004,Ambulance Base - Madhavaram,Madhavaram,North-West,BLS,1,AVAILABLE,13.149837,80.227767,DRV0010,2026-08-09
AMB0011,A005,Ambulance Base - Red Hills/Puzhal,Puzhal,North-West,BLS,1,OFFLINE,13.160843,80.206432,DRV0011,2026-07-21
AMB0012,A005,Ambulance Base - Red Hills/Puzhal,Puzhal,North-West,BLS,1,AVAILABLE,13.160673,80.200801,DRV0012,2026-07-24
AMB0013,A006,Ambulance Base - Tondiarpet,Tondiarpet,North,ALS,2,AVAILABLE,13.128615,80.290968,DRV0013,2026-08-29
AMB0014,A006,Ambulance Base - Tondiarpet,Tondiarpet,North,BLS,1,AVAILABLE,13.127273,80.287458,DRV0014,2026-07-10
AMB0015,A006,Ambulance Base - Tondiarpet,Tondiarpet,North,BLS,1,AVAILABLE,13.130403,80.291005,DRV0015,2026-08-10
AMB0016,A006,Ambulance Base - Tondiarpet,Tondiarpet,North,BLS,1,BUSY,13.129208,80.287332,DRV0016,2026-09-03
AMB0017,A007,Ambulance Base - Royapuram,Royapuram,North-Central,BLS,1,AVAILABLE,13.10953,80.297305,DRV0017,2026-06-27
AMB0018,A007,Ambulance Base - Royapuram,Royapuram,North-Central,BLS,1,AVAILABLE,13.112994,80.297077,DRV0018,2026-06-17
AMB0019,A007,Ambulance Base - Royapuram,Royapuram,North-Central,BLS,1,AVAILABLE,13.110117,80.29596,DRV0019,2026-07-01
AMB0020,A008,Ambulance Base - Perambur,Perambur,North-Central,BLS,1,BUSY,13.117427,80.234368,DRV0020,2026-07-23
AMB0021,A008,Ambulance Base - Perambur,Perambur,North-Central,ALS,2,OFFLINE,13.115107,80.233648,DRV0021,2026-06-03
AMB0022,A008,Ambulance Base - Perambur,Perambur,North-Central,ALS,2,EN_ROUTE,13.115223,80.23098,DRV0022,2026-06-12
AMB0023,A009,Ambulance Base - Basin Bridge,Basin Bridge,North-Central,BLS,1,AVAILABLE,13.100978,80.272467,DRV0023,2026-07-10
AMB0024,A009,Ambulance Base - Basin Bridge,Basin Bridge,North-Central,BLS,1,AVAILABLE,13.102326,80.275239,DRV0024,2026-06-12
AMB0025,A009,Ambulance Base - Basin Bridge,Basin Bridge,North-Central,ALS,2,AVAILABLE,13.102196,80.269835,DRV0025,2026-06-17
AMB0026,A010,Ambulance Base - Park Town/Central,Park Town,Central,BLS,1,AVAILABLE,13.080778,80.27653,DRV0026,2026-06-07
AMB0027,A010,Ambulance Base - Park Town/Central,Park Town,Central,BLS,1,OFFLINE,13.083396,80.276961,DRV0027,2026-08-25
AMB0028,A010,Ambulance Base - Park Town/Central,Park Town,Central,BLS,1,BUSY,13.081361,80.274491,DRV0028,2026-07-22
AMB0029,A010,Ambulance Base - Park Town/Central,Park Town,Central,ALS,2,AVAILABLE,13.083529,80.277143,DRV0029,2026-09-07
AMB0030,A011,Ambulance Base - Egmore,Egmore,Central,BLS,1,AVAILABLE,13.069356,80.264333,DRV0030,2026-05-18
AMB0031,A011,Ambulance Base - Egmore,Egmore,Central,BLS,1,AVAILABLE,13.071127,80.261439,DRV0031,2026-08-28
AMB0032,A011,Ambulance Base - Egmore,Egmore,Central,ALS,2,BUSY,13.075728,80.264724,DRV0032,2026-07-01
AMB0033,A012,Ambulance Base - Kilpauk,Kilpauk,Central-West,ALS,2,AVAILABLE,13.077802,80.243398,DRV0033,2026-08-05
AMB0034,A012,Ambulance Base - Kilpauk,Kilpauk,Central-West,BLS,1,EN_ROUTE,13.077385,80.240694,DRV0034,2026-06-30
AMB0035,A012,Ambulance Base - Kilpauk,Kilpauk,Central-West,ALS,2,BUSY,13.077192,80.244373,DRV0035,2026-07-22
AMB0036,A012,Ambulance Base - Kilpauk,Kilpauk,Central-West,BLS,1,EN_ROUTE,13.077612,80.240983,DRV0036,2026-08-30
AMB0037,A013,Ambulance Base - Anna Nagar,Anna Nagar,West-Central,BLS,1,AVAILABLE,13.085431,80.210708,DRV0037,2026-09-07
AMB0038,A013,Ambulance Base - Anna Nagar,Anna Nagar,West-Central,ALS,2,BUSY,13.081471,80.206539,DRV0038,2026-09-03
AMB0039,A013,Ambulance Base - Anna Nagar,Anna Nagar,West-Central,BLS,1,AVAILABLE,13.082904,80.211352,DRV0039,2026-08-11
AMB0040,A014,Ambulance Base - Mogappair,Mogappair,West,BLS,1,AVAILABLE,13.087184,80.175568,DRV0040,2026-07-09
AMB0041,A014,Ambulance Base - Mogappair,Mogappair,West,ALS,2,BUSY,13.08616,80.172523,DRV0041,2026-08-26
AMB0042,A014,Ambulance Base - Mogappair,Mogappair,West,BLS,1,AVAILABLE,13.082989,80.177911,DRV0042,2026-09-01
AMB0043,A015,Ambulance Base - Ambattur,Ambattur,West-North,ALS,2,AVAILABLE,13.116126,80.157205,DRV0043,2026-08-25
AMB0044,A015,Ambulance Base - Ambattur,Ambattur,West-North,ALS,2,AVAILABLE,13.11459,80.151921,DRV0044,2026-08-15
AMB0045,A015,Ambulance Base - Ambattur,Ambattur,West-North,BLS,1,AVAILABLE,13.117296,80.151403,DRV0045,2026-05-27
AMB0046,A016,Ambulance Base - Avadi,Avadi,West-North,BLS,1,AVAILABLE,13.107917,80.097325,DRV0046,2026-09-06
AMB0047,A016,Ambulance Base - Avadi,Avadi,West-North,ALS,2,EN_ROUTE,13.10949,80.09433,DRV0047,2026-07-07
AMB0048,A017,Ambulance Base - Koyambedu,Koyambedu,West-Central,BLS,1,AVAILABLE,13.068608,80.191269,DRV0048,2026-07-21
AMB0049,A017,Ambulance Base - Koyambedu,Koyambedu,West-Central,ALS,2,OFFLINE,13.067522,80.197073,DRV0049,2026-07-11
AMB0050,A017,Ambulance Base - Koyambedu,Koyambedu,West-Central,BLS,1,AVAILABLE,13.073059,80.198763,DRV0050,2026-06-28
AMB0051,A017,Ambulance Base - Koyambedu,Koyambedu,West-Central,BLS,1,AVAILABLE,13.067774,80.19855,DRV0051,2026-06-25
AMB0052,A018,Ambulance Base - Vadapalani,Vadapalani,West-Central,BLS,1,AVAILABLE,13.050909,80.208401,DRV0052,2026-07-08
AMB0053,A018,Ambulance Base - Vadapalani,Vadapalani,West-Central,BLS,1,EN_ROUTE,13.052649,80.208455,DRV0053,2026-07-04
AMB0054,A018,Ambulance Base - Vadapalani,Vadapalani,West-Central,ALS,2,EN_ROUTE,13.048948,80.208544,DRV0054,2026-05-20
AMB0055,A018,Ambulance Base - Vadapalani,Vadapalani,West-Central,ALS,2,AVAILABLE,13.055933,80.212557,DRV0055,2026-06-25
AMB0056,A019,Ambulance Base - Nungambakkam,Nungambakkam,Central,BLS,1,AVAILABLE,13.057056,80.243259,DRV0056,2026-06-27
AMB0057,A019,Ambulance Base - Nungambakkam,Nungambakkam,Central,BLS,1,AVAILABLE,13.058486,80.243358,DRV0057,2026-07-29
AMB0058,A019,Ambulance Base - Nungambakkam,Nungambakkam,Central,ALS,2,AVAILABLE,13.057447,80.243164,DRV0058,2026-07-11
AMB0059,A020,Ambulance Base - Anna Salai/Teynampet,Teynampet,Central-South,BLS,1,EN_ROUTE,13.045286,80.246575,DRV0059,2026-06-20
AMB0060,A020,Ambulance Base - Anna Salai/Teynampet,Teynampet,Central-South,BLS,1,OFFLINE,13.038386,80.248205,DRV0060,2026-08-05
AMB0061,A020,Ambulance Base - Anna Salai/Teynampet,Teynampet,Central-South,ALS,2,EN_ROUTE,13.044847,80.253534,DRV0061,2026-07-22
AMB0062,A020,Ambulance Base - Anna Salai/Teynampet,Teynampet,Central-South,BLS,1,AVAILABLE,13.04447,80.252128,DRV0062,2026-06-21
AMB0063,A021,Ambulance Base - Royapettah,Royapettah,Central-South,BLS,1,AVAILABLE,13.056837,80.262395,DRV0063,2026-06-15
AMB0064,A021,Ambulance Base - Royapettah,Royapettah,Central-South,ALS,2,EN_ROUTE,13.051374,80.260923,DRV0064,2026-08-25
AMB0065,A021,Ambulance Base - Royapettah,Royapettah,Central-South,BLS,1,AVAILABLE,13.052554,80.261685,DRV0065,2026-07-26
AMB0066,A021,Ambulance Base - Royapettah,Royapettah,Central-South,ALS,2,AVAILABLE,13.057123,80.264043,DRV0066,2026-08-06
AMB0067,A022,Ambulance Base - Mylapore,Mylapore,Central-South,ALS,2,AVAILABLE,13.033289,80.267913,DRV0067,2026-09-07
AMB0068,A022,Ambulance Base - Mylapore,Mylapore,Central-South,BLS,1,BUSY,13.034997,80.267796,DRV0068,2026-06-05
AMB0069,A022,Ambulance Base - Mylapore,Mylapore,Central-South,BLS,1,AVAILABLE,13.033321,80.265777,DRV0069,2026-08-29
AMB0070,A023,Ambulance Base - T. Nagar,T. Nagar,Central-South,ALS,2,AVAILABLE,13.044477,80.23476,DRV0070,2026-08-20
AMB0071,A023,Ambulance Base - T. Nagar,T. Nagar,Central-South,BLS,1,AVAILABLE,13.040266,80.237292,DRV0071,2026-05-29
AMB0072,A023,Ambulance Base - T. Nagar,T. Nagar,Central-South,ALS,2,EN_ROUTE,13.039481,80.232096,DRV0072,2026-08-25
AMB0073,A023,Ambulance Base - T. Nagar,T. Nagar,Central-South,BLS,1,BUSY,13.044873,80.233351,DRV0073,2026-06-20
AMB0074,A024,Ambulance Base - Ashok Nagar/KK Nagar,K.K. Nagar,West-South,ALS,2,EN_ROUTE,13.036394,80.2013,DRV0074,2026-05-28
AMB0075,A024,Ambulance Base - Ashok Nagar/KK Nagar,K.K. Nagar,West-South,ALS,2,EN_ROUTE,13.034698,80.205893,DRV0075,2026-07-27
AMB0076,A024,Ambulance Base - Ashok Nagar/KK Nagar,K.K. Nagar,West-South,BLS,1,BUSY,13.041413,80.206486,DRV0076,2026-08-04
AMB0077,A025,Ambulance Base - Porur,Porur,West,ALS,2,BUSY,13.032765,80.161777,DRV0077,2026-05-21
AMB0078,A025,Ambulance Base - Porur,Porur,West,BLS,1,AVAILABLE,13.038433,80.158482,DRV0078,2026-07-30
AMB0079,A025,Ambulance Base - Porur,Porur,West,ALS,2,AVAILABLE,13.03718,80.157988,DRV0079,2026-08-03
AMB0080,A025,Ambulance Base - Porur,Porur,West,ALS,2,OFFLINE,13.034133,80.159932,DRV0080,2026-07-18
AMB0081,A026,Ambulance Base - Poonamallee,Poonamallee,West,BLS,1,AVAILABLE,13.043521,80.097516,DRV0081,2026-08-05
AMB0082,A026,Ambulance Base - Poonamallee,Poonamallee,West,ALS,2,AVAILABLE,13.051168,80.090806,DRV0082,2026-06-23
AMB0083,A026,Ambulance Base - Poonamallee,Poonamallee,West,BLS,1,AVAILABLE,13.049591,80.093991,DRV0083,2026-07-04
AMB0084,A027,Ambulance Base - Guindy,Guindy,South-Central,ALS,2,AVAILABLE,13.007313,80.218638,DRV0084,2026-06-09
AMB0085,A027,Ambulance Base - Guindy,Guindy,South-Central,BLS,1,AVAILABLE,13.010105,80.220908,DRV0085,2026-06-07
AMB0086,A027,Ambulance Base - Guindy,Guindy,South-Central,ALS,2,AVAILABLE,13.00326,80.221914,DRV0086,2026-07-27
AMB0087,A027,Ambulance Base - Guindy,Guindy,South-Central,BLS,1,AVAILABLE,13.009484,80.222358,DRV0087,2026-07-31
AMB0088,A028,Ambulance Base - Manapakkam,Manapakkam,West-South,BLS,1,AVAILABLE,13.020267,80.178219,DRV0088,2026-08-01
AMB0089,A028,Ambulance Base - Manapakkam,Manapakkam,West-South,BLS,1,AVAILABLE,13.020364,80.182523,DRV0089,2026-06-13
AMB0090,A028,Ambulance Base - Manapakkam,Manapakkam,West-South,ALS,2,AVAILABLE,13.019408,80.179383,DRV0090,2026-09-07
AMB0091,A029,Ambulance Base - Adyar,Adyar,South-Central,BLS,1,AVAILABLE,13.005939,80.25744,DRV0091,2026-06-16
AMB0092,A029,Ambulance Base - Adyar,Adyar,South-Central,BLS,1,AVAILABLE,13.006037,80.25451,DRV0092,2026-07-09
AMB0093,A029,Ambulance Base - Adyar,Adyar,South-Central,ALS,2,AVAILABLE,13.00477,80.258111,DRV0093,2026-06-20
AMB0094,A029,Ambulance Base - Adyar,Adyar,South-Central,BLS,1,AVAILABLE,13.010116,80.254679,DRV0094,2026-07-30
AMB0095,A030,Ambulance Base - Thiruvanmiyur,Thiruvanmiyur,South-East,ALS,2,BUSY,12.982179,80.25577,DRV0095,2026-07-09
AMB0096,A030,Ambulance Base - Thiruvanmiyur,Thiruvanmiyur,South-East,BLS,1,BUSY,12.981583,80.258716,DRV0096,2026-06-19
AMB0097,A030,Ambulance Base - Thiruvanmiyur,Thiruvanmiyur,South-East,BLS,1,AVAILABLE,12.986571,80.259355,DRV0097,2026-08-07
AMB0098,A031,Ambulance Base - Velachery,Velachery,South,ALS,2,AVAILABLE,12.977544,80.220008,DRV0098,2026-06-01
AMB0099,A031,Ambulance Base - Velachery,Velachery,South,ALS,2,BUSY,12.979251,80.220433,DRV0099,2026-06-10
AMB0100,A031,Ambulance Base - Velachery,Velachery,South,BLS,1,AVAILABLE,12.981959,80.22134,DRV0100,2026-08-23
AMB0101,A031,Ambulance Base - Velachery,Velachery,South,BLS,1,AVAILABLE,12.981217,80.218249,DRV0101,2026-06-28
AMB0102,A032,Ambulance Base - Pallikaranai,Pallikaranai,South,BLS,1,AVAILABLE,12.951542,80.209541,DRV0102,2026-05-26
AMB0103,A032,Ambulance Base - Pallikaranai,Pallikaranai,South,BLS,1,AVAILABLE,12.952755,80.209567,DRV0103,2026-08-18
AMB0104,A032,Ambulance Base - Pallikaranai,Pallikaranai,South,BLS,1,AVAILABLE,12.951514,80.212719,DRV0104,2026-08-03
AMB0105,A033,Ambulance Base - Perungudi,Perungudi,South-OMR,BLS,1,AVAILABLE,12.957914,80.245019,DRV0105,2026-06-08
AMB0106,A033,Ambulance Base - Perungudi,Perungudi,South-OMR,BLS,1,AVAILABLE,12.958687,80.248644,DRV0106,2026-08-28
AMB0107,A033,Ambulance Base - Perungudi,Perungudi,South-OMR,ALS,2,AVAILABLE,12.959064,80.242722,DRV0107,2026-08-11
AMB0108,A033,Ambulance Base - Perungudi,Perungudi,South-OMR,ALS,2,AVAILABLE,12.958647,80.245227,DRV0108,2026-08-31
AMB0109,A034,Ambulance Base - Sholinganallur,Sholinganallur,South-OMR,ALS,2,BUSY,12.900116,80.230058,DRV0109,2026-06-10
AMB0110,A034,Ambulance Base - Sholinganallur,Sholinganallur,South-OMR,ALS,2,EN_ROUTE,12.903125,80.226943,DRV0110,2026-09-07
AMB0111,A034,Ambulance Base - Sholinganallur,Sholinganallur,South-OMR,BLS,1,AVAILABLE,12.90012,80.231033,DRV0111,2026-05-24
AMB0112,A034,Ambulance Base - Sholinganallur,Sholinganallur,South-OMR,BLS,1,AVAILABLE,12.902877,80.230299,DRV0112,2026-05-16
AMB0113,A035,Ambulance Base - Medavakkam,Medavakkam,South,ALS,2,AVAILABLE,12.916183,80.191885,DRV0113,2026-07-20
AMB0114,A035,Ambulance Base - Medavakkam,Medavakkam,South,BLS,1,AVAILABLE,12.920385,80.193793,DRV0114,2026-05-23
AMB0115,A035,Ambulance Base - Medavakkam,Medavakkam,South,BLS,1,EN_ROUTE,12.921846,80.192273,DRV0115,2026-05-14
AMB0116,A036,Ambulance Base - Tambaram,Tambaram,South-West,BLS,1,AVAILABLE,12.926204,80.096672,DRV0116,2026-07-15
AMB0117,A036,Ambulance Base - Tambaram,Tambaram,South-West,ALS,2,EN_ROUTE,12.922354,80.098081,DRV0117,2026-07-28
AMB0118,A036,Ambulance Base - Tambaram,Tambaram,South-West,ALS,2,AVAILABLE,12.9236,80.103037,DRV0118,2026-08-03
AMB0119,A036,Ambulance Base - Tambaram,Tambaram,South-West,BLS,1,AVAILABLE,12.921555,80.096155,DRV0119,2026-06-30
AMB0120,A037,Ambulance Base - Pallavaram,Pallavaram,South-West,ALS,2,OFFLINE,12.9663,80.150301,DRV0120,2026-05-31
AMB0121,A037,Ambulance Base - Pallavaram,Pallavaram,South-West,ALS,2,BUSY,12.971097,80.146695,DRV0121,2026-09-05
AMB0122,A037,Ambulance Base - Pallavaram,Pallavaram,South-West,BLS,1,AVAILABLE,12.96451,80.150456,DRV0122,2026-06-27
AMB0123,A038,Ambulance Base - Chromepet,Chromepet,South-West,ALS,2,AVAILABLE,12.94965,80.145151,DRV0123,2026-06-22
AMB0124,A038,Ambulance Base - Chromepet,Chromepet,South-West,BLS,1,OFFLINE,12.953347,80.148422,DRV0124,2026-08-18
AMB0125,A038,Ambulance Base - Chromepet,Chromepet,South-West,BLS,1,AVAILABLE,12.947805,80.144696,DRV0125,2026-06-13
AMB0126,A039,Ambulance Base - ECR Neelankarai,Neelankarai,South-East,BLS,1,AVAILABLE,12.95122,80.256408,DRV0126,2026-06-11
AMB0127,A039,Ambulance Base - ECR Neelankarai,Neelankarai,South-East,ALS,2,AVAILABLE,12.95168,80.262602,DRV0127,2026-06-23
AMB0128,A039,Ambulance Base - ECR Neelankarai,Neelankarai,South-East,ALS,2,BUSY,12.950027,80.256129,DRV0128,2026-07-01
AMB0129,A040,Ambulance Base - Kelambakkam,Kelambakkam,Far South-OMR,BLS,1,AVAILABLE,12.783552,80.22118,DRV0129,2026-09-06
AMB0130,A040,Ambulance Base - Kelambakkam,Kelambakkam,Far South-OMR,BLS,1,BUSY,12.783844,80.223686,DRV0130,2026-06-18
AMB0131,A040,Ambulance Base - Kelambakkam,Kelambakkam,Far South-OMR,BLS,1,BUSY,12.786484,80.22187,DRV0131,2026-06-16
