segment_id,start_node_id,end_node_id,distance_km,speed_limit_kmph,road_type,one_way
SEG0001,A010,H001,0.06,33,local,False
SEG0002,H001,H005,1.29,29,local,False
SEG0003,A011,H001,1.99,35,local,False
SEG0004,H001,H006,1.99,26,local,False
SEG0005,H002,H026,0.72,35,local,False
SEG0006,A007,H002,1.07,33,local,False
SEG0007,A009,H002,1.69,25,local,False
SEG0008,A006,H002,2.27,42,collector,False
SEG0009,A012,H003,0.05,34,local,False
SEG0010,A019,H003,1.99,35,local,False
SEG0011,H003,H024,2.02,38,collector,False
SEG0012,H003,H006,2.03,48,collector,False
SEG0013,A021,H004,0.06,31,local,False
SEG0014,H004,H007,1.88,35,local,False
SEG0015,A020,H004,1.99,29,local,False
SEG0016,H004,H005,2.08,46,collector,False
SEG0017,A010,H005,1.31,27,local,False
SEG0018,A011,H005,1.54,32,local,False
SEG0019,H005,H006,1.57,33,local,False
SEG0020,A011,H006,0.04,32,local,False
SEG0021,A010,H006,1.96,27,local,False
SEG0022,A012,H006,1.98,25,local,False
SEG0023,A020,H007,0.31,27,local,False
SEG0024,H007,H028,1.45,32,local,False
SEG0025,A023,H007,1.7,34,local,False
SEG0026,A029,H008,0.04,33,local,False
SEG0027,H008,H029,0.62,28,local,False
SEG0028,A030,H008,2.43,39,collector,False
SEG0029,H008,H028,3.0,41,collector,False
SEG0030,A028,H009,0.06,34,local,True
SEG0031,A025,H009,2.7,49,collector,False
SEG0032,A024,H009,3.31,49,collector,False
SEG0033,H009,H023,3.32,41,collector,False
SEG0034,A025,H010,1.99,26,local,False
SEG0035,H009,H010,4.56,35,collector,False
SEG0036,A028,H010,4.59,38,collector,False
SEG0037,A026,H010,5.1,46,collector,False
SEG0038,A014,H011,1.29,35,local,False
SEG0039,A017,H011,2.01,46,collector,False
SEG0040,A013,H011,2.52,37,collector,False
SEG0041,H011,H012,2.54,35,collector,False
SEG0042,A013,H012,0.01,25,local,False
SEG0043,H012,H024,1.65,31,local,False
SEG0044,H012,H027,1.94,35,local,False
SEG0045,A017,H012,2.4,36,collector,False
SEG0046,A018,H013,0.11,32,local,False
SEG0047,H013,H015,0.16,29,local,False
SEG0048,H013,H014,0.21,32,local,False
SEG0049,A024,H013,1.7,29,local,False
SEG0050,A018,H014,0.2,34,local,False
SEG0051,H014,H015,0.24,31,local,False
SEG0052,A024,H014,1.6,33,local,False
SEG0053,A018,H015,0.05,34,local,False
SEG0054,A024,H015,1.82,25,local,False
SEG0055,A033,H016,0.07,30,local,False
SEG0056,A039,H016,1.87,27,local,False
SEG0057,A030,H016,3.16,47,collector,False
SEG0058,H016,H020,3.55,38,collector,False
SEG0059,A034,H017,0.5,34,local,False
SEG0060,A035,H017,4.21,42,collector,False
SEG0061,A032,H017,5.3,49,collector,False
SEG0062,H017,H019,5.32,48,collector,False
SEG0063,A040,H018,1.11,34,local,False
SEG0064,A034,H018,11.59,60,arterial,False
SEG0065,H017,H018,12.09,59,arterial,True
SEG0066,A035,H018,13.8,67,arterial,False
SEG0067,A032,H019,0.05,30,local,False
SEG0068,H019,H020,3.53,44,collector,False
SEG0069,A031,H019,3.62,48,collector,False
SEG0070,A033,H019,3.97,46,collector,False
SEG0071,A031,H020,0.34,32,local,True
SEG0072,A027,H020,2.98,50,collector,False
SEG0073,A033,H020,3.48,36,collector,False
SEG0074,A036,H021,1.43,26,local,True
SEG0075,H021,H022,1.55,27,local,False
SEG0076,H021,H030,2.64,49,collector,False
SEG0077,A038,H021,4.67,47,collector,False
SEG0078,H022,H030,2.12,42,collector,False
SEG0079,A036,H022,2.98,40,collector,False
SEG0080,A038,H022,3.67,47,collector,False
SEG0081,A024,H023,0.07,32,local,False
SEG0082,H014,H023,1.63,27,local,False
SEG0083,H013,H023,1.73,28,local,False
SEG0084,A018,H023,1.8,33,local,False
SEG0085,H024,H027,0.82,34,local,False
SEG0086,A013,H024,1.66,26,local,False
SEG0087,A006,H025,0.06,31,local,True
SEG0088,H025,H026,1.57,26,local,False
SEG0089,A007,H025,1.66,25,local,False
SEG0090,H002,H025,2.27,44,collector,False
SEG0091,A007,H026,0.87,31,local,False
SEG0092,A006,H026,1.57,25,local,False
SEG0093,A013,H027,1.95,28,local,False
SEG0094,H015,H027,2.36,39,collector,False
SEG0095,A020,H028,1.16,29,local,False
SEG0096,A022,H028,1.35,32,local,False
SEG0097,A021,H028,2.41,41,collector,False
SEG0098,A029,H029,0.65,33,local,False
SEG0099,A030,H029,2.52,46,collector,False
SEG0100,H028,H029,3.15,43,collector,False
SEG0101,A038,H030,2.14,48,collector,False
SEG0102,A037,H030,3.51,35,collector,False
SEG0103,A001,A002,6.42,65,arterial,False
SEG0104,A001,A003,8.59,63,arterial,False
SEG0105,A001,A006,10.3,61,arterial,False
SEG0106,A001,H025,10.3,67,arterial,False
SEG0107,A002,A006,3.87,44,collector,False
SEG0108,A002,H025,3.88,50,collector,False
SEG0109,A002,A003,4.71,43,collector,False
SEG0110,A002,A007,5.28,44,collector,False
SEG0111,A003,A004,3.54,50,collector,False
SEG0112,A003,H025,5.54,42,collector,False
SEG0113,A003,A006,5.58,36,collector,False
SEG0114,A004,A005,3.21,45,collector,False
SEG0115,A004,A008,3.37,35,collector,False
SEG0116,A004,H025,6.66,62,arterial,False
SEG0117,A005,A008,5.52,37,collector,False
SEG0118,A003,A005,5.98,49,collector,False
SEG0119,A005,A015,7.17,59,arterial,False
SEG0120,A006,A007,1.63,32,local,False
SEG0121,A008,H012,4.47,42,collector,False
SEG0122,A008,H024,4.47,43,collector,False
SEG0123,A008,A013,4.48,43,collector,False
SEG0124,A009,H026,2.0,47,collector,False
SEG0125,A009,A010,2.36,41,collector,False
SEG0126,A009,H001,2.4,47,collector,False
SEG0127,A010,A011,1.95,30,local,True
SEG0128,A012,A019,1.96,28,local,True
SEG0129,A011,A012,2.01,47,collector,False
SEG0130,A013,A017,2.39,40,collector,False
SEG0131,A014,A017,2.67,42,collector,False
SEG0132,A013,A014,3.79,42,collector,False
SEG0133,A014,H012,3.8,47,collector,False
SEG0134,A014,A015,4.05,40,collector,False
SEG0135,A015,H011,4.7,40,collector,False
SEG0136,A015,A016,6.32,61,arterial,False
SEG0137,A015,A017,6.61,57,arterial,False
SEG0138,A016,A026,6.61,52,arterial,True
SEG0139,A014,A016,8.83,67,arterial,True
SEG0140,A016,H010,8.92,60,arterial,False
SEG0141,A017,H013,2.6,48,collector,False
SEG0142,A018,A024,1.77,31,local,False
SEG0143,A019,H007,1.96,29,local,False
SEG0144,A019,A023,2.24,36,collector,False
SEG0145,A020,A023,1.78,31,local,False
SEG0146,A021,H007,1.91,29,local,False
SEG0147,A020,A021,2.02,38,collector,False
SEG0148,A021,H005,2.07,37,collector,False
SEG0149,A020,A022,2.26,40,collector,False
SEG0150,A021,A022,2.35,45,collector,True
SEG0151,A022,H004,2.39,42,collector,False
SEG0152,A023,H014,2.59,47,collector,False
SEG0153,A025,A028,2.74,46,collector,False
SEG0154,A024,A025,4.9,48,collector,False
SEG0155,A025,A026,7.08,52,arterial,False
SEG0156,A026,H009,9.58,70,arterial,True
SEG0157,A027,A031,2.82,44,collector,False
SEG0158,A027,H029,3.27,42,collector,False
SEG0159,A027,H008,3.89,46,collector,False
SEG0160,A024,A028,3.33,48,collector,False
SEG0161,A028,H023,3.34,47,collector,True
SEG0162,A029,A030,2.41,42,collector,False
SEG0163,A029,H028,3.02,45,collector,False
SEG0164,A031,A032,3.66,35,collector,False
SEG0165,A032,H020,3.57,45,collector,False
SEG0166,A032,A035,4.01,50,collector,False
SEG0167,A033,A039,1.94,33,local,True
SEG0168,A030,A033,3.16,35,collector,True
SEG0169,A034,A035,4.33,44,collector,False
SEG0170,A032,A034,5.73,49,collector,False
SEG0171,A034,H019,5.75,37,collector,False
SEG0172,A035,H019,4.06,36,collector,False
SEG0173,A036,H030,3.69,37,collector,False
SEG0174,A036,A038,5.82,38,collector,False
SEG0175,A037,A038,1.8,31,local,False
SEG0176,A037,H022,5.36,46,collector,True
SEG0177,A037,H021,6.16,61,arterial,False
SEG0178,A030,A039,3.95,38,collector,False
SEG0179,A039,H019,5.35,42,collector,False
SEG0180,A034,A040,12.71,68,arterial,False
SEG0181,A040,H017,13.2,64,arterial,False
SEG0182,A035,A040,14.88,63,arterial,False
